{
  "072017": {
    "inicio": "18/03/2017",
    "fim": "26/03/2017",
    "programacao": {
      "18/03/2017": {
        "15:00": "213",
        "18:00": "241697"
      },
      "19/03/2017": {
        "16:00": "237706",
        "18:00": "239713"
      },
      "20/03/2017": {
        "18:30": "249370",
        "20:30": "241697"
      },
      "21/03/2017": {
        "19:00": "213"
      },
      "22/03/2017": {
        "17:30": "237706",
        "19:30": {
          "sessao": "Tintin Cineclube",
          "tematica": "",
          "filmes": []
        }
      },
      "23/03/2017": {
        "18:30": "249370",
        "20:30": "239713"
      },
      "25/03/2017": {
        "15:00": "213",
        "18:00": "249370"
      },
      "26/03/2017": {
        "16:00": "237706",
        "18:00": "241697"
      }
    }
  }
}
